{
  "n_splits": 5,
  "subset_mode": "full",
  "segment_column": null,
  "segment_value": null,
  "cv_r2_mean": 0.9014521401672614,
  "cv_r2_std": 0.0029485986638259727,
  "cv_mape_mean": 16.216822309154065,
  "cv_mape_std": 0.07189580589677261,
  "cv_mae_mean": 179.9109786247779,
  "cv_mae_std": 1.0283092555979885,
  "cv_r2_scores": [
    0.8982803066088098,
    0.9006354540388403,
    0.9066251281329104,
    0.902485079711244,
    0.8992347323445022
  ],
  "cv_mape_scores": [
    16.204357174839817,
    16.314982271421115,
    16.25947891664111,
    16.097885085291814,
    16.207408097576458
  ],
  "cv_mae_scores": [
    179.46222541863796,
    180.68977789153723,
    178.570532485637,
    179.3740793701754,
    181.45827795790197
  ]
}